{"stats":{"minecraft:picked_up":{"minecraft:oxeye_daisy":1},"minecraft:dropped":{"minecraft:oxeye_daisy":1,"backpacked:backpack":1},"minecraft:custom":{"minecraft:jump":24,"minecraft:time_since_rest":3708,"minecraft:crouch_one_cm":69,"minecraft:play_one_minute":3708,"minecraft:leave_game":2,"minecraft:sprint_one_cm":5959,"minecraft:time_since_death":3708,"minecraft:walk_on_water_one_cm":178,"minecraft:walk_one_cm":547,"minecraft:sneak_time":15,"minecraft:drop":2,"minecraft:fly_one_cm":7436}},"DataVersion":2586}