{"stats":{"minecraft:used":{"minecraft:water_bucket":8,"minecraft:flint_and_steel":1,"minecraft:stone_shovel":111,"minecraft:oak_planks":8,"minecraft:chest":2,"minecraft:wooden_pickaxe":1,"minecraft:shield":2,"minecraft:iron_sword":18,"minecraft:diamond_axe":238,"minecraft:sugar_cane":17,"minecraft:torch":16,"minecraft:sand":38,"minecraft:dirt":37,"minecraft:mutton":1,"minecraft:crafting_table":4,"minecraft:blast_furnace":1,"minecraft:white_bed":6,"minecraft:spruce_log":1,"minecraft:wooden_axe":47,"minecraft:wooden_hoe":5,"minecraft:diamond_pickaxe":3,"minecraft:iron_pickaxe":133,"minecraft:iron_axe":398,"minecraft:bread":17,"minecraft:spruce_sapling":46,"minecraft:gravel":19,"minecraft:cobblestone":33,"minecraft:oak_sapling":10,"minecraft:furnace":1,"minecraft:andesite":1,"minecraft:bucket":9,"minecraft:oak_boat":4,"minecraft:egg":1},"minecraft:mined":{"minecraft:smithing_table":1,"minecraft:podzol":6,"minecraft:white_bed":5,"minecraft:oak_sapling":9,"minecraft:glass_pane":1,"minecraft:crafting_table":3,"minecraft:torch":2,"minecraft:blast_furnace":1,"minecraft:grass_block":3,"minecraft:chest":1,"minecraft:tall_grass":4,"minecraft:cobblestone":6,"minecraft:spruce_leaves":42,"minecraft:sugar_cane":21,"minecraft:oak_planks":7,"minecraft:wall_torch":2,"minecraft:hay_block":5,"minecraft:spruce_sapling":2,"minecraft:furnace":1,"minecraft:iron_ore":26,"minecraft:spruce_log":559,"minecraft:andesite":1,"minecraft:grass_path":2,"minecraft:grass":47,"minecraft:oak_log":48,"minecraft:coal_ore":63,"minecraft:gravel":10,"minecraft:sand":21,"minecraft:dirt":19,"minecraft:stone":38,"minecraft:oak_leaves":24},"minecraft:killed":{"minecraft:pig":4,"minecraft:spider":2,"minecraft:iron_golem":1,"minecraft:sheep":1,"minecraft:skeleton":1,"minecraft:cow":5},"minecraft:custom":{"minecraft:interact_with_smithing_table":1,"minecraft:interact_with_furnace":7,"minecraft:mob_kills":14,"minecraft:traded_with_villager":127,"minecraft:interact_with_crafting_table":25,"minecraft:play_one_minute":99882,"minecraft:leave_game":6,"minecraft:time_since_death":99882,"minecraft:sleep_in_bed":6,"minecraft:time_since_rest":1100,"minecraft:sprint_one_cm":256052,"minecraft:damage_taken":164,"minecraft:walk_one_cm":116907,"minecraft:damage_blocked_by_shield":65,"minecraft:drop":20,"minecraft:damage_dealt":2612,"minecraft:swim_one_cm":1903,"minecraft:talked_to_villager":98,"minecraft:fly_one_cm":311226,"minecraft:open_chest":35,"minecraft:crouch_one_cm":40190,"minecraft:sneak_time":15514,"minecraft:walk_under_water_one_cm":1933,"minecraft:boat_one_cm":100362,"minecraft:jump":2116,"minecraft:interact_with_blast_furnace":7,"minecraft:walk_on_water_one_cm":9309,"minecraft:interact_with_smoker":1,"minecraft:fall_one_cm":34154},"minecraft:crafted":{"minecraft:oak_planks":192,"minecraft:stone_shovel":1,"minecraft:emerald":111,"minecraft:crafting_table":2,"minecraft:spruce_planks":1992,"minecraft:wooden_pickaxe":1,"minecraft:iron_sword":1,"minecraft:furnace":1,"minecraft:bucket":1,"minecraft:bread":75,"minecraft:air":0,"minecraft:flint_and_steel":1,"minecraft:oak_boat":1,"minecraft:iron_boots":3,"minecraft:wooden_hoe":1,"minecraft:diamond_pickaxe":1,"minecraft:shield":1,"minecraft:iron_axe":2,"minecraft:stick":4296,"minecraft:iron_ingot":36,"minecraft:iron_pickaxe":1,"minecraft:wooden_axe":1,"minecraft:chest":1,"minecraft:torch":12,"minecraft:wheat":45},"minecraft:broken":{"minecraft:iron_axe":1},"minecraft:picked_up":{"minecraft:spruce_leaves":2,"minecraft:iron_chestplate":1,"minecraft:crafting_table":3,"minecraft:smithing_table":1,"minecraft:andesite":1,"minecraft:leather":4,"minecraft:flint":1,"minecraft:oak_log":48,"minecraft:string":3,"minecraft:dirt":37,"minecraft:apple":2,"minecraft:wheat_seeds":10,"minecraft:iron_ingot":31,"minecraft:beef":12,"minecraft:oak_boat":3,"minecraft:iron_ore":26,"minecraft:oak_planks":7,"minecraft:sugar_cane":37,"minecraft:chest":1,"minecraft:birch_sapling":4,"minecraft:egg":1,"minecraft:furnace":1,"minecraft:stick":38,"minecraft:torch":4,"minecraft:gravel":19,"minecraft:porkchop":4,"minecraft:sand":51,"minecraft:spruce_sapling":71,"minecraft:blast_furnace":1,"minecraft:white_bed":6,"minecraft:spruce_log":553,"minecraft:spider_eye":1,"minecraft:rotten_flesh":1,"minecraft:hay_block":5,"minecraft:diamond_axe":1,"minecraft:oak_sapling":15,"minecraft:oak_leaves":1,"minecraft:mutton":1,"minecraft:coal":116,"minecraft:white_wool":1,"minecraft:cobblestone":44},"minecraft:dropped":{"minecraft:iron_ingot":2,"minecraft:bread":32,"minecraft:wheat_seeds":10,"minecraft:birch_sapling":4,"minecraft:stick":345,"minecraft:emerald":20,"minecraft:spruce_leaves":2,"minecraft:spruce_log":54,"minecraft:sand":3,"minecraft:oak_leaves":1}},"DataVersion":2586}