{"stats":{"minecraft:used":{"minecraft:stone_sword":55,"minecraft:stone_shovel":201,"minecraft:diamond_hoe":42,"minecraft:chest":2,"minecraft:wooden_shovel":8,"minecraft:torch":99,"minecraft:dirt":19,"minecraft:carrot":22,"minecraft:granite":2,"minecraft:iron_axe":193,"minecraft:birch_sapling":1,"minecraft:furnace":5,"minecraft:oak_sapling":14,"minecraft:cooked_beef":15,"minecraft:diorite":1,"minecraft:birch_planks":1,"minecraft:stone_pickaxe":131,"minecraft:baked_potato":3,"minecraft:wooden_pickaxe":9,"minecraft:fletching_table":6,"minecraft:sand":1,"minecraft:crafting_table":3,"minecraft:blast_furnace":1,"minecraft:white_bed":1,"minecraft:smoker":2,"minecraft:diamond_pickaxe":757,"minecraft:apple":1,"minecraft:iron_pickaxe":111,"minecraft:gravel":72,"minecraft:stone_axe":67,"minecraft:cobblestone":157,"minecraft:grindstone":2,"minecraft:smithing_table":2,"minecraft:andesite":4},"minecraft:mined":{"minecraft:diamond_ore":2,"minecraft:white_bed":2,"minecraft:oak_sapling":1,"minecraft:granite":24,"minecraft:grass_block":31,"minecraft:composter":2,"minecraft:redstone_ore":52,"minecraft:furnace":3,"minecraft:carrots":11,"minecraft:iron_ore":160,"minecraft:andesite":8,"minecraft:fletching_table":4,"minecraft:potatoes":6,"minecraft:oak_stairs":1,"minecraft:stone":451,"minecraft:smithing_table":1,"minecraft:smoker":2,"minecraft:crafting_table":2,"minecraft:torch":2,"minecraft:blast_furnace":1,"minecraft:tall_grass":6,"minecraft:cobblestone":18,"minecraft:lapis_ore":33,"minecraft:grindstone":1,"minecraft:sugar_cane":6,"minecraft:diorite":25,"minecraft:wall_torch":5,"minecraft:birch_planks":1,"minecraft:birch_log":44,"minecraft:wheat":5,"minecraft:spruce_log":101,"minecraft:birch_leaves":1,"minecraft:grass_path":13,"minecraft:grass":24,"minecraft:oak_log":64,"minecraft:coal_ore":201,"minecraft:beetroots":2,"minecraft:dirt":42,"minecraft:gravel":81,"minecraft:sand":82,"minecraft:gold_ore":8,"minecraft:oak_leaves":18},"minecraft:killed":{"minecraft:skeleton":4,"minecraft:chicken":10,"minecraft:iron_golem":1,"minecraft:creeper":1,"minecraft:sheep":9,"minecraft:zombie":4,"minecraft:cow":8},"minecraft:custom":{"minecraft:interact_with_smithing_table":2,"minecraft:mob_kills":37,"minecraft:interact_with_crafting_table":24,"minecraft:leave_game":6,"minecraft:time_since_death":97072,"minecraft:sprint_one_cm":279839,"minecraft:walk_one_cm":240959,"minecraft:drop":17,"minecraft:talked_to_villager":99,"minecraft:sneak_time":11987,"minecraft:walk_under_water_one_cm":453,"minecraft:jump":1810,"minecraft:interact_with_blast_furnace":23,"minecraft:walk_on_water_one_cm":10120,"minecraft:interact_with_furnace":24,"minecraft:traded_with_villager":127,"minecraft:play_one_minute":97072,"minecraft:sleep_in_bed":3,"minecraft:time_since_rest":1068,"minecraft:damage_taken":860,"minecraft:damage_dealt":4569,"minecraft:swim_one_cm":1285,"minecraft:fly_one_cm":367716,"minecraft:open_chest":44,"minecraft:crouch_one_cm":35633,"minecraft:interact_with_smoker":7,"minecraft:fall_one_cm":49023},"minecraft:crafted":{"minecraft:grindstone":1,"minecraft:oak_planks":236,"minecraft:stone_shovel":9,"minecraft:diamond_hoe":9,"minecraft:furnace":2,"minecraft:stone":3,"minecraft:iron_boots":5,"minecraft:iron_axe":9,"minecraft:stone_pickaxe":1,"minecraft:chest":2,"minecraft:oak_button":1,"minecraft:smoker":1,"minecraft:cooked_beef":13,"minecraft:wooden_shovel":1,"minecraft:emerald":92,"minecraft:diamond_axe":1,"minecraft:crafting_table":2,"minecraft:spruce_planks":620,"minecraft:baked_potato":22,"minecraft:wooden_pickaxe":1,"minecraft:smithing_table":1,"minecraft:fletching_table":2,"minecraft:birch_planks":176,"minecraft:stone_axe":1,"minecraft:air":0,"minecraft:iron_chestplate":2,"minecraft:diamond_pickaxe":1,"minecraft:stick":1972,"minecraft:stone_slab":6,"minecraft:iron_pickaxe":1,"minecraft:iron_ingot":112,"minecraft:stone_sword":1,"minecraft:torch":108},"minecraft:broken":{"minecraft:stone_pickaxe":1,"minecraft:stone_shovel":2},"minecraft:picked_up":{"minecraft:crafting_table":2,"minecraft:chicken":10,"minecraft:smithing_table":1,"minecraft:oak_stairs":1,"minecraft:beef":22,"minecraft:poppy":2,"minecraft:sugar_cane":11,"minecraft:birch_sapling":6,"minecraft:furnace":3,"minecraft:stick":374,"minecraft:composter":2,"minecraft:torch":8,"minecraft:diorite":25,"minecraft:carrot":22,"minecraft:redstone":260,"minecraft:arrow":5,"minecraft:rotten_flesh":3,"minecraft:beetroot_seeds":2,"minecraft:mutton":11,"minecraft:cobblestone":467,"minecraft:white_wool":7,"minecraft:birch_log":57,"minecraft:feather":9,"minecraft:andesite":8,"minecraft:leather":8,"minecraft:brown_wool":1,"minecraft:potato":18,"minecraft:smoker":2,"minecraft:birch_planks":7,"minecraft:flint":4,"minecraft:oak_log":63,"minecraft:gunpowder":2,"minecraft:lapis_lazuli":267,"minecraft:dirt":79,"minecraft:bone":5,"minecraft:apple":2,"minecraft:wheat_seeds":4,"minecraft:grindstone":1,"minecraft:iron_ingot":6,"minecraft:iron_ore":160,"minecraft:fletching_table":4,"minecraft:gravel":77,"minecraft:sand":55,"minecraft:spruce_sapling":20,"minecraft:blast_furnace":1,"minecraft:white_bed":1,"minecraft:spruce_log":156,"minecraft:gold_ore":8,"minecraft:diamond":2,"minecraft:granite":24,"minecraft:gray_wool":1,"minecraft:emerald":24,"minecraft:oak_sapling":14,"minecraft:coal":238,"minecraft:diamond_pickaxe":1},"minecraft:dropped":{"minecraft:diamond_axe":1,"minecraft:iron_axe":2,"minecraft:stone_axe":1,"minecraft:stone_shovel":8,"minecraft:oak_button":1,"minecraft:diamond_pickaxe":1,"minecraft:iron_chestplate":1,"minecraft:wooden_shovel":1,"minecraft:wooden_pickaxe":1}},"DataVersion":2586}